{"stats":{"minecraft:used":{"minecraft:crafting_table":3,"minecraft:bread":5,"minecraft:wooden_pickaxe":5,"minecraft:granite":1},"minecraft:mined":{"minecraft:granite":1,"minecraft:hay_block":17,"minecraft:grass":6,"minecraft:grass_block":3,"minecraft:oak_log":4,"minecraft:dirt":3,"minecraft:stone":3,"minecraft:netherrack":1,"minecraft:crafting_table":3},"minecraft:crafted":{"minecraft:oak_planks":16,"minecraft:crafting_table":1,"minecraft:bread":51,"minecraft:stick":8,"minecraft:wheat":153,"minecraft:stone_pickaxe":1,"minecraft:wooden_pickaxe":1},"minecraft:picked_up":{"minecraft:crafting_table":3,"minecraft:hay_block":17,"minecraft:granite":1,"minecraft:oak_log":4,"minecraft:netherrack":1,"minecraft:dirt":6,"minecraft:cobblestone":3},"minecraft:custom":{"minecraft:open_chest":3,"minecraft:time_since_rest":9553,"minecraft:crouch_one_cm":1939,"minecraft:play_time":9553,"minecraft:sprint_one_cm":38113,"minecraft:damage_taken":205,"minecraft:walk_one_cm":32601,"minecraft:sneak_time":654,"minecraft:jump":286,"minecraft:damage_dealt":134,"minecraft:time_since_death":9553,"minecraft:total_world_time":9553,"minecraft:talked_to_villager":6,"minecraft:interact_with_crafting_table":4,"minecraft:fall_one_cm":5861,"minecraft:fly_one_cm":85459}},"DataVersion":3465}