{"stats":{"minecraft:dropped":{"minecraft:clock":1,"minecraft:fire_charge":2,"minecraft:netherrack":2,"minecraft:stick":8,"minecraft:flint":3},"minecraft:used":{"minecraft:bread":8,"minecraft:stone_pickaxe":73,"minecraft:wooden_pickaxe":5,"minecraft:iron_boots":1,"minecraft:dirt":6,"minecraft:cobblestone":2,"minecraft:crafting_table":4,"minecraft:furnace":2,"minecraft:granite":1},"minecraft:mined":{"minecraft:hay_block":17,"minecraft:iron_ore":24,"minecraft:crafting_table":3,"minecraft:granite":1,"minecraft:grass":6,"minecraft:coal_ore":15,"minecraft:grass_block":3,"minecraft:oak_log":4,"minecraft:dirt":4,"minecraft:cobblestone":2,"minecraft:stone":27,"minecraft:netherrack":1},"minecraft:crafted":{"minecraft:oak_planks":16,"minecraft:iron_boots":1,"minecraft:iron_chestplate":1,"minecraft:crafting_table":1,"minecraft:stick":8,"minecraft:iron_helmet":1,"minecraft:iron_ingot":24,"minecraft:wooden_pickaxe":1,"minecraft:stone_pickaxe":1,"minecraft:iron_leggings":1,"minecraft:furnace":2,"minecraft:air":0,"minecraft:bread":51,"minecraft:wheat":153},"minecraft:killed":{"minecraft:skeleton":1},"minecraft:picked_up":{"minecraft:raw_iron":24,"minecraft:stick":4,"minecraft:crafting_table":3,"minecraft:oak_log":4,"minecraft:dirt":7,"minecraft:bone":2,"minecraft:hay_block":17,"minecraft:granite":1,"minecraft:netherrack":2,"minecraft:coal":15,"minecraft:cobblestone":30},"minecraft:custom":{"minecraft:time_since_rest":21553,"minecraft:interact_with_furnace":13,"minecraft:sprint_one_cm":77144,"minecraft:damage_taken":362,"minecraft:walk_one_cm":38989,"minecraft:mob_kills":1,"minecraft:drop":10,"minecraft:damage_dealt":315,"minecraft:swim_one_cm":11620,"minecraft:interact_with_crafting_table":8,"minecraft:talked_to_villager":6,"minecraft:fly_one_cm":138938,"minecraft:open_chest":3,"minecraft:crouch_one_cm":7420,"minecraft:play_time":21553,"minecraft:sneak_time":2398,"minecraft:walk_under_water_one_cm":1527,"minecraft:jump":527,"minecraft:walk_on_water_one_cm":10695,"minecraft:time_since_death":21553,"minecraft:total_world_time":21553,"minecraft:fall_one_cm":11785}},"DataVersion":3465}