{"stats":{"minecraft:dropped":{"minecraft:wheat_seeds":7,"minecraft:clock":1,"minecraft:fire_charge":2,"minecraft:netherrack":2,"minecraft:stick":8,"minecraft:flint":3},"minecraft:used":{"minecraft:bread":11,"minecraft:stone_pickaxe":83,"minecraft:wooden_pickaxe":5,"minecraft:iron_boots":1,"minecraft:stone_axe":34,"minecraft:dirt":20,"minecraft:cobblestone":2,"minecraft:crafting_table":5,"minecraft:furnace":2,"minecraft:granite":1},"minecraft:mined":{"minecraft:hay_block":17,"minecraft:furnace":2,"minecraft:iron_ore":24,"minecraft:wheat":3,"minecraft:crafting_table":5,"minecraft:granite":1,"minecraft:grass":12,"minecraft:coal_ore":15,"minecraft:grass_block":12,"minecraft:oak_log":11,"minecraft:dirt":12,"minecraft:tall_grass":2,"minecraft:cobblestone":2,"minecraft:stone":35,"minecraft:netherrack":1},"minecraft:crafted":{"minecraft:oak_planks":44,"minecraft:iron_boots":1,"minecraft:iron_chestplate":1,"minecraft:crafting_table":1,"minecraft:stick":28,"minecraft:iron_helmet":1,"minecraft:iron_ingot":24,"minecraft:wooden_pickaxe":1,"minecraft:stone_pickaxe":1,"minecraft:stone_sword":1,"minecraft:iron_leggings":1,"minecraft:furnace":2,"minecraft:stone_axe":1,"minecraft:air":0,"minecraft:bread":51,"minecraft:wheat":153},"minecraft:killed":{"minecraft:sheep":7,"minecraft:skeleton":1,"minecraft:pig":15,"minecraft:cow":6},"minecraft:picked_up":{"minecraft:raw_iron":24,"minecraft:stick":4,"minecraft:crafting_table":5,"minecraft:wheat":2,"minecraft:leather":11,"minecraft:porkchop":31,"minecraft:oak_log":11,"minecraft:dirt":23,"minecraft:bone":2,"minecraft:wheat_seeds":7,"minecraft:hay_block":17,"minecraft:beef":17,"minecraft:granite":1,"minecraft:light_gray_wool":1,"minecraft:gray_wool":1,"minecraft:mutton":13,"minecraft:white_wool":5,"minecraft:netherrack":2,"minecraft:furnace":2,"minecraft:coal":15,"minecraft:cobblestone":38},"minecraft:custom":{"minecraft:time_since_rest":9123,"minecraft:interact_with_furnace":13,"minecraft:sprint_one_cm":113741,"minecraft:damage_taken":373,"minecraft:walk_one_cm":56778,"minecraft:mob_kills":29,"minecraft:drop":17,"minecraft:damage_dealt":2975,"minecraft:swim_one_cm":31731,"minecraft:interact_with_crafting_table":12,"minecraft:talked_to_villager":6,"minecraft:fly_one_cm":264085,"minecraft:open_chest":4,"minecraft:crouch_one_cm":8797,"minecraft:play_time":33553,"minecraft:sneak_time":2948,"minecraft:walk_under_water_one_cm":2367,"minecraft:jump":967,"minecraft:walk_on_water_one_cm":18848,"minecraft:time_since_death":33553,"minecraft:sleep_in_bed":1,"minecraft:total_world_time":33553,"minecraft:fall_one_cm":24650}},"DataVersion":3465}